HYPERTEN,0,1,All
0.0,0.26449456975772767,0.21436925647451963,0.479030910609858
1.0,0.28137009189640766,0.23959899749373434,0.520969089390142
All,0.5458646616541354,0.45396825396825397,1.0
